日期,摊薄每股收益(元),加权每股收益(元),每股收益_调整后(元),扣除非经常性损益后的每股收益(元),每股净资产_调整前(元),每股净资产_调整后(元),每股经营性现金流(元),每股资本公积金(元),每股未分配利润(元),调整后的每股净资产(元),总资产利润率(%),主营业务利润率(%),总资产净利润率(%),成本费用利润率(%),营业利润率(%),主营业务成本率(%),销售净利率(%),股本报酬率(%),净资产报酬率(%),资产报酬率(%),销售毛利率(%),三项费用比重,非主营比重,主营利润比重,股息发放率(%),投资收益率(%),主营业务利润(元),净资产收益率(%),加权净资产收益率(%),扣除非经常性损益后的净利润(元),主营业务收入增长率(%),净利润增长率(%),净资产增长率(%),总资产增长率(%),应收账款周转率(次),应收账款周转天数(天),存货周转天数(天),存货周转率(次),固定资产周转率(次),总资产周转率(次),总资产周转天数(天),流动资产周转率(次),流动资产周转天数(天),股东权益周转率(次),流动比率,速动比率,现金比率(%),利息支付倍数,长期债务与营运资金比率(%),股东权益比率(%),长期负债比率(%),股东权益与固定资产比率(%),负债与所有者权益比率(%),长期资产与长期资金比率(%),资本化比率(%),固定资产净值率(%),资本固定化比率(%),产权比率(%),清算价值比率(%),固定资产比重(%),资产负债率(%),总资产(元),经营现金净流量对销售收入比率(%),资产的经营现金流量回报率(%),经营现金净流量与净利润的比率(%),经营现金净流量对负债比率(%),现金流量比率(%),短期股票投资(元),短期债券投资(元),短期其它经营性投资(元),长期股票投资(元),长期债券投资(元),长期其它经营性投资(元),1年以内应收帐款(元),1-2年以内应收帐款(元),2-3年以内应收帐款(元),3年以内应收帐款(元),1年以内预付货款(元),1-2年以内预付货款(元),2-3年以内预付货款(元),3年以内预付货款(元),1年以内其它应收款(元),1-2年以内其它应收款(元),2-3年以内其它应收款(元),3年以内其它应收款(元)
1900-01-01,,,,,,,,,,,,,,,,,,,,,,,,,,,,,,,,,,,,,,,,,,,,,,,,,,,,,,,,,,,,,,,,,,,,,,,,,,,,,,,,,,,,,
1999-12-31,0.11,,,0.11,,0.72,,,,0.0,0.3076,10.4011,0.3076,8.3535,10.4011,84.008,6.6325,,40.5444,0.746,15.992,27.6624,167.6773,106.1836,1.2446,32.3203,755537000.0,16.72,17.65,0.0,,,,,,,,,0.0464,0.0464,7758.6207,6.275,57.3705,2.5209,0.7819,0.7819,3.8012,,,1.84,,106.0477,5334.8839,,,79.8306,1417.4715,5138.1898,,1.735,98.16,156606396000.0,1.0315,0.0478,15.5528,0.0487,5.0609,,,,756407000.0,15315443000.0,,,,,,,,,,,,,
2000-12-31,0.19,,,0.16,,0.88,,,,0.0,0.3662,13.6898,0.4274,11.7519,13.6898,81.0118,9.199,,48.7726,0.8188,18.9882,30.2712,125.0275,99.9214,0.0447,38.1446,1196218000.0,21.81,28.28,0.0,20.2923,66.8404,27.8956,40.1654,,,,,3.1478,0.0465,7741.9355,0.0631,5705.2298,2.6613,0.7813,0.7813,2.6109,,,1.6789,,130.0102,5856.2867,,,74.0452,1577.7848,5604.0451,,1.2914,98.3211,219507988000.0,0.8575,0.0341,9.3219,0.0347,3.6281,,,,880754000.0,31381142000.0,,,,,,,,,,,,,
2001-06-30,0.15,,0.15,,,1.03,,,,0.9,0.266,43.1345,0.2796,28.1418,25.0479,51.2865,15.4216,,14.9305,0.266,48.7135,31.9595,76.9673,172.5589,,,1809135000.0,14.93,16.14,648944000.0,,,,,,,,,,0.0181,9944.7514,,,1.0463,,,,,,1.7814,,,5513.4612,,,,5613.4612,0.0,,,98.2186,243182099000.0,3.4293,0.0591,22.237,0.0602,,,,,,,,,,,,,,,,,,,
2001-12-31,0.34,,0.34,0.33,,1.22,,,,,0.5374,19.8715,0.5892,18.5851,19.8715,75.3525,13.6394,,54.2405,1.0421,50.9653,28.0805,87.6833,98.8107,0.0015,38.4257,2085025000.0,27.97,32.52,,20.0785,78.0416,38.833,21.3246,9.9642,36.1293,,,2.7285,0.0432,8333.3333,0.0603,5970.1493,2.3842,0.7451,0.7451,3.203,,,1.9212,,105.3529,5105.1302,,,78.3235,1552.1988,4902.7932,,1.8236,98.0788,266317155000.0,1.7471,0.0688,12.8094,0.0702,7.3079,,,,53060000.0,50595456000.0,,,,,,,,,,,,,
2002-03-31,0.0801,,,,3.6901,3.6901,,,0.0801,,0.106,56.2232,0.1154,30.9722,25.6085,38.1699,16.1988,43.5107,11.7912,0.5761,61.8301,39.5696,92.5307,217.7994,2.0819,11.059,1169439000.0,2.17,,,,,,,,,,,0.4293,0.0071,12676.0563,0.01,9000.0,0.2016,0.7836,0.7836,1.8629,,,4.8858,,321.2046,1946.7402,,,76.3928,577.5505,1874.8849,,1.5211,95.1142,317726623000.0,,,,,,,,,53060000.0,55944263000.0,,,,,,,,,,,,,
2002-06-30,0.1603,,0.16,0.18,2.8214,2.82,1.2335,1.6243,0.1603,2.72,0.2921,55.582,0.3157,37.5036,30.1621,38.8989,20.3561,43.8442,15.54,0.799,60.4677,36.864,79.6389,182.3339,0.767,18.7249,2497121000.0,5.68,8.72,900088000.0,7.1172,41.3916,271.6686,28.7665,,,,,0.9288,0.0155,11612.9032,0.0218,8256.8807,0.4235,0.7917,0.7917,2.9172,,,5.1419,,334.1888,1844.8128,,,75.2156,544.7037,1768.5724,,1.5386,94.8581,313137098000.0,1.5668,0.0225,7.6971,0.0237,2.472,,,,53060000.0,53302442000.0,,,,,,,,,,,273351000.0,24741000.0,
2002-09-30,0.234,,,,2.8952,2.8951,,1.6243,0.234,2.78,0.3995,55.8688,0.4447,36.1257,29.3384,38.5076,20.0352,53.2573,18.3954,0.9091,61.4924,38.6446,87.5545,186.8315,0.0072,31.892,3724050000.0,8.08,,1297833000.0,,,,,,,,,1.3752,0.0222,12162.1622,0.032,8437.5,0.6161,0.7508,0.7508,2.6375,,,4.942,,341.5439,1923.483,,,73.953,633.3288,1851.4641,,1.447,95.058,334321889000.0,,,,,,,,,53060000.0,57635180000.0,,,,,,,,,,,,,
2002-12-31,0.3039,,0.3,0.32,2.8092,2.81,5.9571,1.6243,0.0945,2.7,0.4666,54.6993,0.5437,31.4797,26.6308,39.6704,18.1232,61.3486,21.8381,0.942,60.3296,40.0226,87.489,203.6499,0.4004,26.0986,5234352000.0,10.82,13.07,,-8.7986,21.1827,213.3396,39.5554,,,,,2.0317,0.03,12000.0,0.0425,8470.5882,0.905,0.7708,0.7708,4.2739,,,4.3136,,351.3179,2218.2639,,,72.0893,672.4795,2135.2555,,1.2278,95.6864,371659912000.0,3.5526,0.0915,19.6026,0.0956,9.9311,,,,91076000.0,60240488000.0,,,,,,,,,,,116142000.0,24635000.0,
2003-03-31,0.0974,,,,2.9066,2.91,-1.8504,1.6243,0.1919,2.8,0.1428,57.0962,0.1461,36.8834,28.8407,38.2523,19.7312,43.026,14.8026,0.631,61.7477,36.9411,78.1662,193.8783,1.2493,,1608509000.0,3.35,,,35.4422,64.9774,6.855,22.477,,,,,0.6231,0.0074,12162.1622,0.0108,8333.3333,0.1727,0.724,0.724,0.7858,,,4.2626,,370.3072,2245.9693,,,70.2218,786.9835,2153.1875,,1.1511,95.7374,389142028000.0,-3.7483,-0.0271,-18.997,-0.0283,-2.9566,,,,76000372000.0,,,,,,,,,,,,,,
2003-06-30,0.1942,0.0,0.19,0.0,3.0035,3.0,-0.9858,1.6244,0.2886,2.9,0.2542,57.5441,0.2744,34.1941,26.3051,37.1386,18.4303,54.8975,18.2781,0.7188,62.8614,35.3893,82.6454,216.1812,0.6209,11.6073,3459543000.0,6.46,6.68,1089189000.0,33.8175,21.158,6.453,39.1832,,,,,1.3311,0.0149,12080.5369,0.0211,8530.8057,0.3625,0.7607,0.7607,3.3826,,,3.9327,,383.4938,2442.7683,,,68.821,763.5091,2338.9277,,1.0255,96.0673,435834298000.0,-0.9357,-0.0129,-5.0771,-0.0134,-1.4033,,,,91076000.0,68174508000.0,,,,,,,,,,,116636.0,124178.0,
2003-09-30,0.2957,,,0.0,3.1049,3.1,-1.901,1.6243,0.3901,3.01,0.3811,56.6186,0.4144,32.8262,26.2577,38.5181,17.9538,66.6901,21.4789,0.8597,61.4819,36.5172,82.2417,215.8737,0.0118,,5321245000.0,9.52,0.0,0.0,40.9964,26.3483,7.2454,32.4229,,,,,2.0839,0.0231,11688.3117,0.0343,7871.7201,0.5569,0.7014,0.7014,0.8542,,,4.0024,,397.5788,2398.5268,,,67.7806,894.5973,2286.6659,,1.0067,95.9976,442718653000.0,-1.1543,-0.0245,-6.4293,-0.0255,-2.6775,,,,82514644000.0,,,,,,,,,,,,,,
2003-12-31,0.3907,0.0,0.39,0.39,3.1999,3.2,4.8117,1.6242,0.4071,3.1,0.4425,56.9812,0.5094,32.3167,25.3507,38.2765,16.4132,78.1208,24.4133,0.8848,61.7235,35.4514,77.2474,224.6984,0.0039,27.4722,7741498000.0,12.21,12.79,2228791000.0,41.9751,28.5792,13.9074,35.579,,,,,3.0026,0.031,11612.9032,0.044,8181.8182,0.7923,0.7612,0.7612,2.2843,,0.0,3.6241,0.0,407.0456,2659.3271,823.4913,0.0,66.8143,823.4913,2543.1119,108.502,0.8903,96.3759,503892810000.0,2.0212,0.0545,12.3143,0.0565,5.9128,,,,99761000.0,71613365000.0,0.0,,,,,,,,,,102851.0,101649.0,
2004-03-31,0.142,,,0.0,3.2499,3.25,-4.0198,1.6242,0.457,3.15,0.1586,57.9199,0.1597,38.1697,27.9552,37.1703,18.2838,55.37,17.0374,0.6188,62.8297,31.6143,51.9891,205.9087,0.6587,16.2388,2566547000.0,4.37,0.0,0.0,57.2914,45.7534,11.8095,31.2332,,,,,0.9971,0.0087,10344.8276,0.0129,6976.7442,0.2408,0.7292,0.7292,0.6345,,0.0,3.6317,0.0,421.3387,2653.5152,941.4909,0.0,65.1978,941.4909,2485.0989,110.801,0.8619,96.3683,510683534000.0,-5.1769,-0.0449,-28.3144,-0.0466,-4.9772,,,,99761000.0,80085116000.0,0.0,,,,,,,,,,,,
2004-06-30,0.2466,,,0.24,2.8367,2.84,-1.6807,1.187,0.5092,2.74,0.3134,58.4295,0.3239,39.0181,27.585,36.7652,17.8018,59.7159,21.051,0.7589,63.2348,29.6993,49.1462,210.1168,0.0072,12.8672,5543454000.0,8.69,8.88,-21169000.0,57.8084,52.4268,13.3384,23.6393,,,,,2.1604,0.0182,9890.1099,0.0261,6896.5517,0.5035,0.7639,0.7639,3.0183,,,3.6051,,452.1244,2673.8696,,,64.1564,849.5273,2519.0016,,0.7974,96.3949,538862445000.0,-1.2131,-0.0214,-6.8147,-0.0222,-2.352,,,,99761000.0,70089511000.0,,,,,,,,,,,52225000.0,14745000.0,
2004-09-30,0.37,,,0.0,2.9599,2.96,-0.0364,1.1868,0.6325,2.86,0.4474,58.3343,0.4735,38.465,27.2892,36.8142,17.6122,72.8735,24.6204,0.8812,63.1858,29.8775,50.0607,211.9777,0.0047,49.422,8391939000.0,12.5,0.0,0.0,53.068,50.156,14.3946,27.9247,,,,,3.2044,0.0269,10037.1747,0.0398,6783.9196,0.7467,0.7126,0.7126,0.8538,,0.0,3.579,0.0,451.1947,2694.0417,968.8952,0.0,64.6464,968.8952,2561.3139,109.0863,0.7932,96.421,566346699000.0,-0.0173,-0.0004,-0.0984,-0.0005,-0.048,,,,99761000.0,85566434000.0,0.0,,,,,,,,,,,,
2004-12-31,0.4591,0.0,0.46,0.45,3.0491,3.05,0.9594,1.1869,0.6298,3.03,0.5216,59.3674,0.5682,34.3143,24.7514,35.7293,15.7864,90.0991,29.5492,1.0236,64.2707,32.7076,53.0898,235.9008,0.0033,23.7714,11823874000.0,15.06,16.1,3061467000.0,46.5949,40.9961,14.3445,19.6218,,,,,3.9663,0.036,10000.0,0.0512,7031.25,1.0176,0.7745,0.7745,3.2319,,,3.4642,,375.7993,2786.6765,,,64.7413,856.6773,2620.9757,,0.9218,96.5358,602765487000.0,0.3299,0.0109,2.0898,0.0113,1.2006,,,,143464000.0,68897024000.0,,,,,,,,,,,,,
2005-03-31,0.154,,0.154,,3.2032,3.2,-2.1316,1.1869,0.7839,3.18,0.1674,59.9894,0.1711,41.9067,30.4637,35.1077,19.8716,62.0084,19.3585,0.674,64.8923,32.9412,46.6872,196.2252,0.01,,3184345000.0,4.81,,,19.791,30.194,18.2738,23.371,,,,,0.9603,0.0086,10465.1163,0.0126,7142.8571,0.2479,0.7349,0.7349,0.6287,,,3.4817,,398.9337,2772.1816,,,63.2734,955.1703,2608.4268,,0.8727,96.5183,630035184000.0,-2.75,-0.0232,-13.8386,-0.024,-2.5512,,,,143464000.0,90866041000.0,,,,,,,,,,,,,
2005-06-30,0.2078,,0.21,0.2,2.1672,2.17,0.414,0.4579,0.5544,2.16,0.318,59.2445,0.3351,40.8066,29.3593,35.9069,18.8283,52.467,24.2095,0.8027,53.6287,31.8397,51.6135,199.9906,0.0364,14.0417,6717357000.0,9.59,9.78,,19.5094,26.4004,14.5988,24.6001,,,,,2.0587,0.0178,10112.3596,0.0257,7003.8911,0.5256,0.7501,0.7501,2.2478,,,3.3157,,407.8306,2915.9518,,,62.6467,957.8056,2743.901,,0.813,96.6843,671423185000.0,0.3751,0.0063,1.9922,0.0066,0.6962,,,,147029000.0,80613780000.0,,,38000.0,38000.0,,,,,,,35610000.0,29522000.0,
2005-09-30,0.3124,,0.31,,2.2857,2.29,1.6107,0.4735,0.6579,2.27,0.4577,58.8,0.493,39.0664,28.3381,36.2441,18.1706,63.9753,27.9893,0.9373,63.7559,32.0474,50.7934,205.4857,0.0071,,10419405000.0,13.67,,,23.1764,27.0816,16.2133,24.2076,,,,,3.1926,0.0271,9963.0996,0.0401,6733.1671,0.7975,0.7169,0.7169,0.7132,,,3.3487,,424.863,2886.2426,,,62.1725,1035.3193,2721.443,,0.7882,96.6513,703445380000.0,0.9368,0.0236,5.1553,0.0244,2.5893,,,,147029000.0,100410195000.0,,,,,,,,,,,,,
2005-12-31,0.3789,0.0,0.38,0.37,2.378,2.38,2.6309,0.5027,0.3571,2.37,0.5355,57.7438,0.5881,35.862,26.1624,37.3924,15.6847,73.4639,30.8927,1.0384,52.4717,31.5603,52.2359,218.1313,0.0055,24.3358,14469818000.0,15.93,17.51,3852792000.0,25.8188,25.0087,18.1486,21.7693,,,,,4.4893,0.0375,9600.0,0.054,6666.6667,1.1002,0.7658,0.7658,2.6844,,,3.3612,,439.9771,2875.139,,,60.3042,929.9613,2670.6349,,0.7639,96.6388,733983030000.0,1.0892,0.0372,6.9444,0.0385,4.1426,,,,146353000.0,76893870000.0,,,,,,,,,,,29738000.0,14520000.0,
2006-03-31,0.1166,0.12,0.12,,2.639,2.64,-0.0011,0.7889,0.4121,2.63,0.187,,0.191,99.0658,,,,11.6619,4.4191,0.187,55.4851,,-0.4939,-14.5936,,,-325000000.0,4.05,,,-100.0,35.7576,47.7254,21.5425,,,,,,,,,,,,,,,,4.2317,,,2263.1138,,,,2363.1138,0.0,,,95.7683,765760233000.0,,0.0,-0.009,0.0,,,,,46435000.0,48401170000.0,,,,,,,,,,,,,
2006-06-30,0.2261,,0.23,,2.6664,2.67,2.1262,0.7635,0.4562,2.66,0.3369,,0.3564,90.6559,,,,22.6143,8.4813,0.3369,55.5637,,0.1138,-15.9272,0.0,,-700000000.0,8.55,,,-100.0,30.0813,47.0765,22.7714,,,,,,,,,,,,,,,,3.9721,,,2417.5514,,,,2517.5514,0.0,,,96.0279,824315875000.0,,0.0317,9.4019,0.033,,,,,137710748000.0,0.0,,,,,,,,,,,,,
2006-09-30,0.3018,,,,3.5142,3.51,2.1306,1.7829,0.3494,3.5,0.5001,,0.5437,90.1468,,,,30.1811,8.5883,0.5001,54.219,,0.3858,-16.0023,0.0,,-1120000000.0,8.78,,,-100.0,35.7519,116.0579,24.2469,,,,,,,,,,,,,,,,5.8232,0.0,,1617.2779,1717.2779,0.0,,1717.2779,0.0,,0.0,94.1768,874009111000.0,,0.0353,7.0593,0.0375,,,,,165551208000.0,0.0,,,,,,,,,,,,,
2006-12-31,0.4621,,,0.55,3.7515,3.75,4.8438,1.886,0.2134,3.75,0.7273,,0.8146,90.9206,,,,69.9709,18.6512,1.1014,55.7861,,1.904,-15.599,,,-1573000000.0,12.89,17.52,7012000000.0,-100.0,72.8585,123.5865,27.2648,,,,,,,,,,,,,,,,5.9051,,900.7185,1593.4409,,,63.6723,1693.4409,0.0,,0.6556,94.0949,934102000000.0,,0.0762,10.4828,0.081,,,,,48000000.0,54065000000.0,,,,,,,,,,,,,
2007-03-31,0.1674,0.17,0.17,,3.8978,3.9,2.0006,1.8649,0.3809,0.0,0.25,,0.2566,115.6073,,,,16.7444,4.2959,0.25,46.618,,1.1432,-13.1192,,,-482000000.0,4.3,,,,71.9274,76.8601,28.5903,,,,,,0.0,,,,0.0,,,,,,5.8202,,,1618.1571,,,,1718.1571,0.0,,,94.1798,984693000000.0,,0.0299,11.9476,0.0317,,,,,51000000.0,69327000000.0,,,,,,,,,,,,,
2007-06-30,0.4162,0.42,0.42,,4.0286,4.03,5.2993,1.8669,0.5097,,0.552,,0.5992,129.2623,,,,74.3142,18.4466,0.9855,51.1265,,0.8327,-11.6798,0.0,,-1052000000.0,10.7,,6054000000.0,,120.3817,80.9133,34.5086,,,,,,,,,,,,,,,,5.3425,0.0,782.3032,1771.7942,1871.7942,0.0,61.1681,1871.7942,0.0,,0.6829,94.6575,1108776000000.0,,0.0703,12.7319,0.0742,,,,,48000000.0,57327000000.0,0.0,,,,,,,,,,,,
2007-09-30,0.678,0.68,0.68,0.67,4.2808,4.28,7.7323,1.8573,0.7715,,0.8176,,0.9259,125.2425,,,,67.8027,15.839,0.8176,50.8927,,0.8435,-11.5674,0.0,,-1673000000.0,15.84,,,,128.0943,23.6781,39.5141,,,,,,,,,,,,,,,,5.1622,0.0,,1837.162,1937.162,0.0,,1937.162,0.0,,0.0,94.8378,1219366000000.0,,0.0932,11.4041,0.0983,,,,,239000000.0,66065000000.0,0.0,,,,,,,,,,,,
2007-12-31,1.0366,1.04,1.04,1.03,4.6232,4.62,8.0565,1.8411,0.8224,,1.1631,,1.3582,125.7199,,,,131.7029,28.4876,1.4778,51.0645,,1.0597,-11.3292,,,-2384000000.0,22.42,24.76,15135000000.0,,124.3597,23.2487,40.3007,,,,,0.0,0.0,,,,0.0,,,,,,5.1874,,882.1072,1827.7359,,,65.1424,1927.7359,0.0,,0.5881,94.8126,1310552000000.0,,0.0904,7.7722,0.0953,,,,,271000000.0,74632000000.0,,,,,,,,,,,,,
2008-03-31,0.4297,0.43,0.43,0.43,5.0834,5.08,1.7991,1.8719,1.2519,,0.46,,0.4708,167.4658,,,,42.9654,8.4522,0.46,60.6184,,1.0586,-9.5633,0.0,,-795000000.0,8.45,8.45,6287000000.0,,156.6613,30.4497,39.5141,,,,,0.0,0.0,,,,0.0,,,,,,5.442,0.0,,1737.5458,1837.5458,0.0,,1837.5458,0.0,,0.0,94.558,1373786000000.0,,0.0193,4.1872,0.0204,,,,,292000000.0,74946000000.0,0.0,,,,,,,,,,,,
2008-06-30,0.9006,0.9,0.9,0.9,5.2693,5.27,-2.7621,1.8668,1.4429,,0.9489,,0.9788,166.1362,,,,120.9682,22.9573,1.2746,59.3113,,0.7943,-9.4557,0.0,,-1619000000.0,17.09,18.21,13187000000.0,,116.4216,30.8258,25.8858,,,,,0.0,0.0,,,,0.0,,,,,,5.5521,0.0,895.7004,1701.1136,1801.1136,0.0,65.5554,1801.1136,0.0,,0.6199,94.4479,1395791000000.0,,-0.0291,-3.067,-0.0308,,,,,351000000.0,72986000000.0,0.0,,,,,,,,,,,,
2008-09-30,1.2918,1.29,1.29,1.29,6.1203,5.68,4.5049,1.8893,1.8341,,1.2279,,1.3296,155.6166,,,,129.1818,21.1072,1.2279,57.6851,,0.4907,-9.9396,0.0,,-2451000000.0,22.73,0.0,0.0,,90.5617,42.9988,26.8896,,,,,0.0,0.0,,,,0.0,0.0,0.0,15.0961,,0.0,5.8176,0.0,,1618.9364,1718.9364,0.0,,1718.9364,1548.5702,110.8633,0.0,94.1824,1547249000000.0,,0.0428,3.4873,0.0455,4.7532,,,,832000000.0,75446000000.0,0.0,,,,,,,,,,,,
2008-12-31,1.4242,1.43,1.43,1.41,5.4246,5.41,3.5812,1.4739,1.7487,,1.3326,,1.4534,113.2129,,,,179.6877,33.1244,1.6813,47.7544,,-0.4896,-12.3174,,,-3296000000.0,26.51,27.41,20809000000.0,,37.4139,17.3526,19.934,,,,,,,,,,,,,,,,5.0758,,683.2905,1870.1395,,,68.0539,1970.1395,0.0,,0.7428,94.9242,1571797000000.0,,0.0335,2.5145,0.0353,,,,,1029000000.0,70373000000.0,,,,,,,,,,,,,
2009-03-31,0.2861,0.29,0.29,0.28,5.5871,5.59,1.7345,1.3672,2.0337,,0.2337,,0.2495,95.4433,,,,28.6118,5.121,0.2337,45.0607,,2.0461,-13.3272,,,-723000000.0,5.12,0.0,0.0,,-33.4072,9.9101,31.0858,,,,,,,,,,,,,,,,4.5629,,,2091.5749,,,,2191.5749,0.0,,,95.4371,1800839000000.0,,0.0142,6.062,0.0148,,,,,1054000000.0,70794000000.0,,,,,,,,,,,,,
2009-06-30,0.5618,0.56,0.56,0.55,5.7241,5.72,1.3268,1.3289,2.2085,,0.4188,,0.4662,85.6734,,,,98.19,17.1539,0.732,40.6517,,8.7345,-14.3152,0.0,,-1457000000.0,9.815,10.08,8142000000.0,,-37.6217,8.6314,41.3369,,,,,0.0,0.0,,,,0.0,,,,,,4.2674,0.0,717.5673,2243.3723,2343.3723,0.0,65.5016,2343.3723,0.0,,0.5947,95.7326,1972768000000.0,,0.0099,2.3619,0.0103,,,,,1120000000.0,79733000000.0,0.0,,,,,,,,,,,,
2009-09-30,0.684,0.68,0.68,0.68,4.5768,4.58,2.7536,0.9444,1.7176,,0.6484,,0.7288,88.6883,,,,68.4017,14.9454,0.6484,43.072,,5.9002,-13.8482,0.0,,-2279000000.0,14.95,0.0,0.0,,-31.1648,-2.7852,30.354,,,,,,,,,,,,,,,,4.3386,,,2204.898,,,,2304.898,0.0,,,95.6614,2016901000000.0,,0.0261,4.0256,0.0273,,,,,1139000000.0,87216000000.0,,,,,,,,,,,,,
2009-12-31,0.9537,0.95,0.95,0.93,4.8528,4.85,2.254,0.9503,1.6801,,0.8818,,1.002,85.4123,,,,131.0652,27.0082,1.2118,42.5942,,6.6967,-13.9787,0.0,,-3129000000.0,19.65,21.18,17858000000.0,,-12.9428,16.2971,31.5654,,,,,,,,,,,,,,,,4.4867,0.0,741.1375,2128.793,2228.793,0.0,64.7211,2228.793,0.0,,0.6054,95.5133,2067941000000.0,,0.0208,2.3634,0.0218,,,,,1153000000.0,80201000000.0,,,,,,,,,,,,,
2010-03-31,0.2739,0.3,0.3,0.3,5.4788,5.6,1.0277,1.6547,1.7607,,0.2687,,0.2769,119.6526,,,,27.3861,4.9986,0.2687,48.6748,,2.6546,-11.9001,,,-910000000.0,5.0,5.6,,,40.423,43.8634,22.125,,,,,,,,,,,,,,,,5.3751,,,1760.4184,,,,1860.4184,0.0,,,94.6249,2199275000000.0,,0.0101,3.7528,0.0107,,,,,1173000000.0,84027000000.0,,,,,,,,,,,,,
2010-06-30,0.6119,0.65,0.65,0.65,5.7859,5.79,-0.0711,1.8185,1.8865,,0.5784,,0.607,126.5795,,,,96.2663,16.638,0.91,51.4787,,3.0828,-11.2155,0.0,,-1910000000.0,10.58,11.955,13144000000.0,,59.8039,48.2936,15.6995,,,,,,,,,,,,,,,,5.4695,0.0,1011.5955,1728.3112,1828.3112,0.0,61.987,1828.3112,0.0,,0.5407,94.5305,2282482000000.0,,-0.0007,-0.1162,-0.0007,,,,,1105000000.0,86525000000.0,,,,,,,,,,,,,
2010-09-30,0.954,0.99,0.99,0.98,6.1691,6.17,1.3949,1.8657,2.2258,,0.8724,,0.9299,122.054,,,,95.4042,15.4649,0.8724,51.31,,5.1637,-11.2105,,,-2983000000.0,15.46,17.61,,,57.4017,52.1147,16.9896,,,,,,0.0,,,,0.0,,,,,,5.6412,,,1672.6688,,,,1772.6688,0.0,,,94.3588,2359564000000.0,,0.0128,1.4621,0.0135,,,,,1119000000.0,91053000000.0,0.0,,,,,,,,,,,,
2010-12-31,1.1943,1.23,1.23,1.22,6.2107,6.21,0.412,1.6776,2.2739,,1.0726,,1.1529,102.1726,,,,157.629,25.3802,1.4156,46.1829,,5.0865,-12.4554,,,-4153000000.0,19.23,21.75,25469000000.0,,41.3162,44.4295,16.1787,,,,,,,,,,,,,,,,5.5778,,891.1158,1692.8354,,,64.5962,1792.8354,0.0,,0.6259,94.4222,2402507000000.0,,0.0037,0.3449,0.0039,,,,,1130000000.0,97614000000.0,,,,,,,,,,,,,
2011-03-31,0.4083,0.41,0.41,0.41,6.6172,6.62,0.2537,1.6802,2.6799,0.0,0.3408,,0.3533,134.5621,,,,40.8313,6.1705,0.3408,51.7538,,5.2555,-11.4985,,,-1339000000.0,6.17,6.4475,0.0,,49.0946,20.7784,17.5261,,,,,,,,,,,,,,,,5.5239,,,1710.3217,,,,1810.3217,0.0,,,94.4761,2584723000000.0,,0.0021,0.6213,0.0022,,,,,1150000000.0,108108000000.0,,,,,,,,,,,,,
2011-06-30,0.862,,,,6.7403,,4.0833,1.6478,2.8422,,0.7037,,0.7373,135.4777,,,,128.0878,19.0034,1.0456,52.1344,,5.6502,-11.6603,,,-2819000000.0,12.7895,,,,40.8771,16.4938,15.804,,,,,,,,,,,,,,,,5.5021,,976.906,1717.4851,,,62.2262,1817.4851,0.0,,0.5632,94.4979,2643205000000.0,,0.0333,4.7368,0.0353,,,,,1142000000.0,120151000000.0,,,,,,,,,,,,,
2011-09-30,1.3157,1.32,1.32,1.3,7.1303,7.13,2.8525,1.5916,3.2959,,1.078,,1.1275,133.6934,,,,131.5684,18.452,1.078,52.2606,,5.2225,-11.8428,,,-4397000000.0,18.45,19.72,,,37.9062,15.5813,11.6002,,,,,,,,,,,,,,,,5.8425,,,1611.6102,,,,1711.6102,0.0,,,94.1575,2633278000000.0,,0.0234,2.1681,0.0248,,,,,1146000000.0,133892000000.0,,,,,,,,,,,,,
2011-12-31,1.6744,,,,7.6476,,4.6947,1.7456,3.4068,,1.2926,,1.3902,115.2437,,,,212.1093,27.7353,1.6374,48.4759,,5.925,-12.926,,,-6091000000.0,21.9,,,,40.1956,23.1363,16.3356,,,,,,,,,,,,,,,,5.9038,,1015.9463,1593.8192,,,62.7565,1693.8192,0.0,,0.5811,94.0962,2794971000000.0,,0.0362,2.8039,0.0385,,,,,1143000000.0,145586000000.0,,,,,,,,,,,,,
2012-03-31,0.5396,0.54,0.54,0.54,8.216,8.21,0.1281,1.7645,3.9637,,0.3928,,0.4043,141.8613,,,,53.9566,6.5673,0.3928,54.2892,,9.7501,-12.094,,,-1873000000.0,6.57,6.8,,,32.1453,24.1608,14.6575,,,,,,,,,,,,,,,,5.9817,,,1571.7599,,,,1671.7599,0.0,,,94.0183,2963579000000.0,,0.0009,0.2375,0.001,,,,,1172000000.0,158335000000.0,,,,,,,,,,,,,
2012-06-30,1.0834,1.08,1.08,1.08,8.4055,8.4,11.9773,1.8345,4.0685,,0.7035,,0.7642,139.2151,,,,156.8319,18.6583,1.0184,53.7107,,8.2303,-12.1622,,,-3749000000.0,12.89,13.5,23269000000.0,,25.6774,24.7057,25.7073,,,,,,,,,,,,,,,,5.4583,,1108.9086,1732.0822,,,60.9852,1832.0822,0.0,,0.4922,94.5417,3322701000000.0,,0.0778,11.0554,0.0823,,,,,1168000000.0,167763000000.0,,,,,,,,,,,,,
2012-09-30,1.6123,1.61,1.61,1.6,8.85,8.85,0.502,1.7423,4.5961,,1.1063,,1.1714,136.1121,,,,161.2348,18.2185,1.1063,53.6599,,6.9451,-12.2688,,,-5637000000.0,18.23,19.545,,,22.5483,24.1186,19.4184,,,,,,,,,,,,,,,,6.0724,,,1546.7935,,,,1646.7935,0.0,,,93.9276,3144618000000.0,,0.0034,0.3113,0.0037,,,,,1130000000.0,167471000000.0,,,,,,,,,,,,,
2012-12-31,2.0984,2.1,2.1,2.07,9.2928,9.29,11.5733,1.7401,3.9406,,1.3285,,1.4598,123.1934,,,,261.2876,28.1172,1.6541,,,6.4972,-12.6838,,,-7555000000.0,22.59,24.78,44745000000.0,,25.3273,21.512,21.9411,,,,,,,,,,,,,,,,5.883,,1039.5966,1599.8005,,,63.4712,1699.8005,0.0,,0.5659,94.117,3408219000000.0,,0.0733,5.5152,0.0778,,,,,1103000000.0,175417000000.0,,,,,,,,,,,,,
2013-03-31,0.6033,0.6,0.6,0.6,9.944,9.94,0.129,1.7973,4.5351,,0.3705,,0.3762,148.0,,,,60.3339,6.0674,0.3705,55.3535,,6.6202,-11.7117,,,-2015000000.0,6.07,6.2775,,,11.8193,21.032,18.5535,,,,,,,,,,,,,,,,6.1068,,,1537.5257,,,,1637.5257,0.0,,,93.8932,3513426000000.0,,0.0008,0.2138,0.0008,,,,,1114000000.0,200589000000.0,,,,,,,,,,,,,
2013-06-30,1.2173,1.22,1.22,1.21,9.8485,9.84,-2.3005,1.7232,4.5156,,0.6893,,0.7277,143.7742,,,,177.3958,18.0124,1.0045,54.1596,,5.4867,-11.8113,,,-4116000000.0,12.37,12.73,26154000000.0,,12.3631,17.1679,14.6847,,,,,,,,,,,,,,,,5.5765,,1078.5058,1693.2541,,,62.1291,1793.2541,0.0,,0.5171,94.4235,3810629000000.0,,-0.013,-1.8898,-0.0138,,,,,1104000000.0,196841000000.0,,,,,,,,,,,,,
2013-09-30,1.5659,1.83,1.83,1.82,10.2013,10.2,0.2567,2.5928,4.3864,,1.0164,,1.0829,141.5715,,,,156.587,15.3498,1.0164,53.4087,,5.5023,-12.241,,,-6416000000.0,15.36,18.4425,39254000000.0,,13.5158,34.7309,23.5562,,,,,,,,,,,,,,,,6.6216,,,1410.2078,,,,1510.2078,0.0,,,93.3784,3885372000000.0,,0.0017,0.1639,0.0018,,,,,1120000000.0,203664000000.0,,,,,,,,,,,,,
2013-12-31,2.0516,2.3,2.3,2.28,10.5455,10.53,4.7246,2.4574,4.4055,,1.2883,,1.3938,126.376,,,,256.3854,24.3123,1.6099,,,6.0343,-12.5378,,,-8579000000.0,19.49,23.12,51342000000.0,,14.2788,32.6418,17.8445,,,,,,,,,,,,,,,,6.6218,,1141.2461,1410.1742,,,64.3366,1510.1742,0.0,,0.5802,93.3782,4016399000000.0,,0.0297,2.3028,0.0318,,,,,1424000000.0,208927000000.0,,,,,,,,,,,,,
2014-03-31,0.5935,0.59,0.59,0.59,11.2547,11.23,2.2462,2.556,4.9942,,0.3398,,0.3555,144.1672,,,,59.3461,5.273,0.3398,48.0854,,10.1614,-12.9346,,,-2556000000.0,5.27,5.4475,14863000000.0,,14.9716,32.2921,25.3634,,,,,,,,,,,,,,,,6.4443,,,1451.7608,,,,1551.7608,0.0,,,93.5557,4404549000000.0,,0.0129,3.7849,0.0137,,,,,1483000000.0,215969000000.0,,,,,,,,,,,,,
2014-06-30,1.2101,1.21,1.21,1.2,11.3547,11.34,16.2087,2.6433,4.9903,,0.6064,,0.6745,145.0364,,,,176.8726,15.577,0.8863,47.4899,,11.1064,-12.9169,,,-5201000000.0,10.65,10.745,30269000000.0,,16.192,34.7608,32.0811,,,,,,,,,,,,,,,,5.6896,,1186.4601,1657.5959,,,63.1436,1757.5959,0.0,,0.4795,94.3104,5033122000000.0,,0.0812,13.3943,0.0861,,,,,915000000.0,237705000000.0,,,,,,,,,,,,,
2014-09-30,1.8207,1.82,1.82,1.8,11.9905,11.97,5.9941,2.6694,5.5967,,0.9723,,1.0509,140.6945,,,,182.0749,15.185,0.9723,47.8889,,10.0411,-12.8917,,,-7783000000.0,15.17,15.9975,45425000000.0,,16.2771,17.5393,21.5494,,,,,,,,,,,,,,,,6.4031,,,1461.7326,,,,1561.7326,0.0,,,93.5969,4722648000000.0,,0.032,3.2921,0.0342,,,,,1427000000.0,252213000000.0,,,,,,,,,,,,,
2014-12-31,2.2224,2.22,2.22,2.2,12.4925,12.47,10.792,2.6774,5.4942,,1.1845,,1.2814,120.2191,,,,281.3895,22.5246,1.4998,,,8.7483,-14.197,,,-10425000000.0,17.78,19.28,55391000000.0,,8.324,18.4632,17.8127,,,,,,,,,,,,,,,,6.6583,,1188.7262,1401.8819,,,63.9869,1501.8819,0.0,,0.5601,93.3417,4731829000000.0,,0.0575,4.856,0.0616,,,,,1484000000.0,259434000000.0,,,,,,,,,,,,,
2015-03-31,0.6861,0.68,0.68,0.68,13.1688,13.14,1.1409,2.6774,6.1744,,0.3525,,0.359,148.0786,,,,68.6087,5.2099,0.3525,44.5366,,7.9618,-13.5486,,,-3075000000.0,5.2,5.3325,17148000000.0,,15.6077,17.007,11.4517,,,,,,,,,,,,,,,,6.7655,,,1378.0856,,,,1478.0856,0.0,,,93.2345,4908944000000.0,,0.0059,1.6629,0.0063,,,,,2542000000.0,266610000000.0,,,,,,,,,,,,,
2015-06-30,1.3152,1.31,1.31,1.3,13.2006,13.17,12.739,2.6774,6.1307,,0.6353,,0.6665,136.9444,,,,195.5365,14.8127,0.9445,41.4251,,14.3624,-14.4431,,,-6266000000.0,9.93,10.2,32788000000.0,,8.6831,16.2569,3.7372,,,,,,,,,,,,,,,,6.3762,,1161.4094,1468.3204,,,63.9701,1568.3204,0.0,,0.549,93.6238,5221221000000.0,,0.0615,9.686,0.0657,,,,,2650000000.0,299230000000.0,,,,,,,,,,,,,
2015-09-30,1.9344,1.92,1.92,1.91,13.8766,13.84,6.981,2.6774,6.7489,,0.9342,,0.9802,132.0144,,,,193.4429,13.9403,0.9342,40.7025,,11.4862,-14.4835,,,-9268000000.0,13.9,14.625,48193000000.0,,6.2436,15.7299,10.5797,,,,,,,,,,,,,,,,6.7014,,,1392.2327,,,,1492.2327,0.0,,,93.2986,5222292000000.0,,0.0337,3.6088,0.0361,,,,,2663000000.0,343053000000.0,,,,,,,,,,,,,
2015-12-31,2.3005,2.29,2.29,2.26,14.3442,14.31,15.8772,2.6774,6.4746,,1.0597,,1.1368,110.9487,,,,300.1644,20.9259,1.3827,,,10.5995,-15.8886,,,-11929000000.0,15.99,17.09,57045000000.0,,3.513,14.8219,15.7053,,,,,,,,,,,,,,,,6.6075,,1174.0434,1413.4366,,,63.5372,1513.4366,0.0,,0.5628,93.3925,5474978000000.0,,0.0731,6.9017,0.0783,,,,,2786000000.0,353137000000.0,,,,,,,,,,,,,
2016-03-31,0.7303,0.73,0.73,0.72,15.0695,,-11.3815,2.6774,7.2027,,0.3391,,0.3377,148.9671,,,,73.0338,4.8465,0.3391,40.6767,,19.747,-14.0654,,,-3347000000.0,4.8399,4.96,18272000000.0,,6.4497,14.4336,10.656,,,,,,,,,,,,,,,,6.9965,,,1329.2929,,,,1429.2929,0.0,,,93.0035,5432042000000.0,,-0.0528,-15.5839,-0.0568,,,,,2793000000.0,389766000000.0,,,,,,,,,,,,,
2016-06-30,1.401,1.4,1.4,1.38,15.0353,15.0,-11.9083,2.6774,7.1845,,0.6381,,0.6417,143.9897,,,,216.1671,14.3773,0.9845,39.8693,,19.2505,-11.2826,,,-5133000000.0,9.32,9.535,34862000000.0,,6.5211,13.8983,6.0537,,,,,,,,,,,,,,,,6.8479,,1222.5955,1360.3041,,,61.7829,1460.3041,0.0,,0.5601,93.1521,5537298000000.0,,-0.0542,-8.5001,-0.0582,,,,,2894000000.0,435829000000.0,,,,,,,,,,,,,
2016-09-30,2.0755,2.07,2.07,2.04,15.7588,15.72,-14.2497,2.6774,7.8517,,0.9408,,0.9483,146.783,,,,207.5508,13.1705,0.9408,41.4977,,15.8308,-8.1927,,,-5525000000.0,13.15,13.77,51427000000.0,,7.2931,13.5639,6.5431,,,,,,,,,,,,,,,,7.143,,,1299.9784,,,,1399.9784,0.0,,,92.857,5563990000000.0,,-0.0646,-6.8657,-0.0696,,,,,3703000000.0,466028000000.0,,,,,,,,,,,,,
2016-12-31,2.4734,,,,15.9938,15.95,-4.7825,2.6774,7.895,,1.0498,,1.0927,122.6172,,,,247.3449,15.465,1.0498,,,15.834,-8.0569,,,-6362000000.0,15.4296,,,,7.5184,11.5005,8.5358,,,,,,,,,,,,,,,,6.788,,,1373.1955,,,,1473.1955,0.0,,,93.212,5942311000000.0,,-0.0203,-1.9336,-0.0218,,,,,3712000000.0,477064000000.0,,,,,,,,,,,,,
2017-03-31,0.7967,0.79,0.79,0.79,16.7259,16.68,-8.4993,2.6774,8.6824,,0.3348,,0.3365,177.4299,,,,79.6674,4.7631,0.3348,44.4709,,8.0739,-1.9802,,,-505000000.0,4.75,4.855,19836000000.0,,9.083,10.9914,10.4681,,,,,,,,,,,,,,,,7.0296,,,1322.554,,,,1422.554,0.0,,,92.9704,6000674000000.0,,-0.0357,-10.6684,-0.0384,,,,,3915000000.0,486687000000.0,,,,,,,,,,,,,
2017-06-30,1.5649,1.56,1.56,1.55,16.7259,16.63,-2.2156,2.6774,8.702,,0.6366,,0.6501,164.7055,,,,246.0126,14.7085,1.0008,44.1078,,9.5611,-2.1485,,,-1073000000.0,9.36,9.555,38967000000.0,,11.7004,11.244,11.9624,,,,,,,,,,,,,,,,6.804,,915.8937,1369.7338,,,67.1038,1469.7338,0.0,,0.7429,93.196,6199690000000.0,,-0.009,-1.4158,-0.0097,,,,,4016000000.0,516094000000.0,,,,,,,,,,,,,
2017-09-30,2.3459,2.33,2.33,2.31,17.472,17.37,-7.6398,2.6774,9.4787,,0.959,,0.977,156.1135,,,,234.593,13.4268,0.959,44.7959,,8.0802,-2.0744,,,-1547000000.0,13.42,13.995,58283000000.0,,13.0292,10.8712,10.878,,,,,,,,,,,,,,,,7.1425,,,1300.0633,,,,1400.0633,0.0,,,92.8575,6169239000000.0,,-0.0312,-3.2566,-0.0336,,,,,4254000000.0,541930000000.0,,,,,,,,,,,,,
2017-12-31,2.8009,2.78,2.78,2.77,19.1671,17.69,-0.2244,2.6774,9.5585,,1.1217,,1.1542,131.5652,,,,375.8112,19.6071,1.505,,,6.9971,-2.3732,,,-2152000000.0,14.61,16.54,69769000000.0,,13.2382,19.8407,5.9796,,,,,,,,,,,,,,,,7.6758,,982.8836,1202.8015,,,67.0754,1302.8015,0.0,,0.7809,92.3242,6297638000000.0,,-0.0009,-0.0801,-0.001,,,,,5079000000.0,558218000000.0,,,,,,,,,,,,,
2018-03-31,0.9004,0.9,0.9,0.89,19.8052,18.32,-2.1273,2.6774,10.111,,0.3632,,0.3619,173.9074,,,,90.0402,4.5463,0.3632,47.7552,,9.4858,-1.5058,,,-441000000.0,4.57,4.9925,22546000000.0,,13.0201,18.4103,4.1923,,,,,,,,,,,,,,,,7.9889,,,1151.7419,,,,1251.7419,0.0,,,92.0111,6252238000000.0,,-0.0086,-2.3626,-0.0093,,,,,5307000000.0,,,,,,,,,,,,,,
2018-06-30,1.7791,1.77,1.77,1.77,19.9863,18.5,-2.6021,2.6774,10.1284,,0.6863,,0.6992,169.1586,,,,280.652,14.0422,1.0827,46.7617,,11.7754,-1.6744,,,-987000000.0,8.94,9.805,44585000000.0,,13.6903,19.4932,5.4462,,,,,,,,,,,,,,,,7.7103,,1015.8837,1196.96,,,65.6935,1296.96,0.0,,0.759,92.2897,6537340000000.0,,-0.01,-1.4626,-0.0109,,,,,7058000000.0,,,,,,,,,,,,,,
2018-09-30,2.679,2.66,2.66,2.64,20.9711,19.49,-6.9273,2.6774,11.0131,,1.0381,,1.0552,165.355,,,,267.9001,12.7747,1.0381,47.0293,,11.54,-1.7623,,,-1561000000.0,12.82,14.3025,67028000000.0,,14.1978,20.0275,5.5022,,,,,,,,,,,,,,,,8.1259,,,1130.6327,,,,1230.6327,0.0,,,91.8741,6508681000000.0,,-0.0268,-2.5858,-0.0292,,,,,7588000000.0,,,,,,,,,,,,,,
2018-12-31,3.2046,3.13,3.13,3.11,21.5547,20.07,-1.4164,2.6774,10.8788,,1.1981,,1.2392,134.3912,,,,431.3428,20.0116,1.6126,42.8911,,11.7609,-2.0019,,,-2132000000.0,14.92,16.57,80129000000.0,,14.4129,12.4564,7.1152,,,,,,,,,,,,,,,,8.0585,,980.4578,1140.9248,,,66.4724,1240.9248,0.0,,0.8219,91.9415,6745729000000.0,,-0.0053,-0.442,-0.0058,,,,,8871000000.0,916012000000.0,,,,,,,,,,,,,
2019-03-31,1.011,1.0,1.0,0.99,22.7216,21.09,-6.8447,2.6774,11.8501,,0.3753,,0.3766,180.2311,,,,101.099,4.4495,0.3753,48.0833,,12.5261,-1.6391,,,-542000000.0,4.46,4.8625,25091000000.0,,12.282,14.7258,8.6706,,,,,,,,,,,,,,,,8.434,,,1085.6754,,,,1185.6754,0.0,,,91.566,6794347000000.0,,-0.0254,-6.7703,-0.0277,,,,,9871000000.0,935442000000.0,,,,,,,,,,,,,
2019-06-30,2.0166,2.01,2.01,1.99,22.7597,21.17,-2.1817,2.6774,11.9023,,0.707,,0.7297,165.0712,,,,320.3152,14.0738,1.123,46.8804,,12.3395,-1.7619,,,-1143000000.0,8.91,9.735,50174000000.0,,13.3477,13.8764,10.0322,,,,,,,,,,,,,,,,7.9797,,972.0162,1153.1783,,,66.3677,1253.1783,0.0,,0.8209,92.0203,7193181000000.0,,-0.0076,-1.0819,-0.0083,,,,,9685000000.0,925683000000.0,,,,,,,,,,,,,
2019-09-30,3.0833,3.05,3.05,3.03,23.9037,22.3,-2.1305,2.6774,12.9365,,1.0644,,1.1068,158.2801,,,,308.3326,12.8989,1.0644,,,12.1084,-1.7532,,,-1730000000.0,12.95,14.3925,76758000000.0,,15.0924,13.9838,12.2489,,,,,,,,,,,,,,,,8.2515,,,1111.9017,,,,1211.9017,0.0,,,91.7485,7305925000000.0,,-0.0074,-0.691,-0.008,,,,,10244000000.0,,,,,,,,,,,,,,
2019-12-31,3.7043,3.62,3.62,3.59,24.4929,22.89,0.1757,2.6774,12.7523,,1.2595,,1.3193,131.7733,,,,496.0617,20.2533,1.6867,,,13.5369,-2.0046,,,-2348000000.0,15.19,16.84,92178000000.0,,15.5953,13.6316,9.9546,,,,,,,,,,,,,,,,8.328,,945.0552,1100.7699,,,67.3523,1200.7699,0.0,,0.8812,91.672,7417240000000.0,,0.0006,0.0474,0.0007,,,,,10784000000.0,,,,,,,,,,,,,,
2020-03-31,1.1084,1.1,1.1,1.11,25.7128,24.11,3.4555,2.6774,13.8472,,0.3599,,0.3682,172.0292,,,,110.8413,4.3107,0.3599,,,16.9441,-2.0199,,,-705000000.0,4.33,4.69,27916000000.0,,9.6364,13.1644,14.3026,,,,,,,,,,,,,,,,8.35,,,1097.6002,,,,1197.6002,0.0,,,91.65,7766114000000.0,,0.0112,3.1175,0.0122,,,,,11617000000.0,,,,,,,,,,,,,,
2020-06-30,1.9857,1.97,1.97,1.97,25.338,23.73,10.0815,2.6774,13.5545,,0.6235,,0.6483,145.5796,,,,334.3518,13.1957,1.0499,,,18.0464,-2.0752,,,-1304000000.0,7.87,8.47,49733000000.0,,-1.5337,11.3287,11.6589,,,,,,,,,,,,,,,,7.9561,,943.3994,1156.8955,,,66.4202,1256.8955,0.0,,0.8433,92.0439,8031826000000.0,,0.0317,5.0772,0.0344,,,,,12389000000.0,,,,,,,,,,,,,,
2020-09-30,3.0559,3.02,3.02,3.02,28.1416,24.55,8.7165,2.6774,14.5992,,0.9449,,0.9897,143.5094,,,,305.5927,10.8591,0.9449,,,15.8276,-1.9509,,,-1910000000.0,10.89,12.75,76471000000.0,,-0.8886,17.729,11.645,,,,,,,,,,,,,,,,8.7012,,,1049.2729,,,,1149.2729,0.0,,,91.2988,8156700000000.0,,0.027,2.8523,0.0295,,,,,13223000000.0,,,,,,,,,,,,,,
2020-12-31,3.8842,3.79,3.79,3.79,28.9595,25.36,16.7062,2.6774,14.6815,,1.1716,,1.2417,123.3988,,,,532.4458,18.3859,1.606,,,15.4843,-2.0238,,,-2478000000.0,13.45,15.73,97178000000.0,,4.8553,18.2363,12.7299,,,,,,,,,,,,,,,,8.7348,,1067.9408,1044.8487,,,65.3115,1144.8487,0.0,,0.8179,91.2652,8361448000000.0,,0.0504,4.3011,0.0552,,,,,14922000000.0,,,,,,,,,,,,,,
2021-03-31,1.2787,1.27,1.27,1.26,30.2085,26.61,-1.2842,2.6774,15.9438,,0.3722,,0.3788,172.6138,,,,127.8715,4.233,0.3722,,,13.5036,-1.8282,,,-733000000.0,4.24,4.885,31886000000.0,,15.3645,17.4843,11.5698,,,,,,,,,,,,,,,,8.7927,,,1037.3099,,,,1137.3099,0.0,,,91.2073,8664641000000.0,,-0.0037,-1.0043,-0.0041,,,,,15367000000.0,,,,,,,,,,,,,,
2021-06-30,2.4444,2.35,2.35,2.34,30.1972,26.6,0.2507,2.6774,15.8139,,0.6938,,0.7149,157.0626,,,,399.713,13.2368,1.1345,,,14.6588,-1.8684,,,-1426000000.0,8.1,9.03,60941000000.0,,23.104,19.1773,10.6334,,,,,,,,,,,,,,,,8.5705,,1012.0236,1066.7883,,,65.7734,1166.7883,0.0,,0.8469,91.4295,8885886000000.0,,0.0007,0.1025,0.0008,,,,,21896000000.0,,,,,,,,,,,,,,
2021-09-30,3.7413,3.62,3.62,,31.5551,27.95,3.2666,2.6774,17.0856,,1.0581,,1.0922,154.7593,,,,374.1339,11.8565,1.0581,,,13.8518,-1.7847,,,-2082000000.0,11.87,13.5825,93294000000.0,,22.429,12.1297,9.3266,,,,,,,,,,,,,,,,8.9243,,,1020.5418,,,,1120.5418,0.0,,,91.0757,8917440000000.0,,0.0092,0.8731,0.0101,,,,,22147000000.0,,,,,,,,,,,,,,
2021-12-31,4.7912,4.61,4.61,4.59,34.3254,29.01,7.2184,2.6774,16.9942,,1.3065,,1.3723,131.7105,,,,642.379,18.7144,1.7516,,,14.8516,-1.8708,,,-2772000000.0,13.96,16.96,119430000000.0,,23.3516,18.529,10.6151,,,,,,,,,,,,,,,,9.3597,,1088.373,968.4098,,,65.8915,1068.4098,0.0,,0.86,90.6403,9249021000000.0,,0.0197,1.5066,0.0217,,,,,23654000000.0,,,,,,,,,,,,,,
2022-03-31,1.4397,1.43,1.43,,35.7153,30.39,0.2201,2.6774,18.3922,,0.3856,,0.3891,178.5608,,,,143.97,4.031,0.3856,,,17.5851,-1.8798,,,-834000000.0,4.03,4.81,35839000000.0,,12.5895,18.2292,8.6644,,,,,,,,,,,,,,,,9.5666,,,945.3007,,,,1045.3007,0.0,,,90.4334,9415379000000.0,,0.0006,0.1529,0.0007,,,,,23561000000.0,,,,,,,,,,,,,,
2022-06-30,2.7757,2.67,2.67,2.67,35.5143,30.17,5.1794,2.6183,18.107,,0.7198,,0.7379,163.0765,,,,454.5785,12.7999,1.1789,,,14.8809,-1.8763,,,-1569000000.0,7.82,9.035,69201000000.0,,13.5511,17.6081,9.4432,,,,,,,,,,,,,,,,9.2099,,951.0151,985.7838,,,67.8423,1085.7838,0.0,,0.9684,90.7901,9724996000000.0,,0.0134,1.866,0.0148,,,,,24203000000.0,,,,,,,,,,,,,,
2022-09-30,4.2815,4.15,4.15,,36.7872,31.69,5.8087,2.5946,19.566,,1.1124,,1.1393,160.552,,,,428.1509,11.6386,1.1124,,,12.2898,-1.7761,,,-2298000000.0,11.63,13.665,106597000000.0,,14.4379,16.5807,8.8554,,,,,,,,,,,,,,,,9.5576,,,946.2876,,,,1046.2876,0.0,,,90.4424,9707111000000.0,,0.0151,1.3567,0.0167,,,,,23610000000.0,,,,,,,,,,,,,,
2022-12-31,5.5232,5.26,5.26,5.25,37.8368,32.71,22.6069,2.5946,19.5469,,1.3739,,1.4369,141.874,,,,744.5565,19.6781,1.852,,,12.4127,-1.82,,,-3005000000.0,14.6,17.06,137551000000.0,,15.2772,10.2297,9.6215,,,,,,,,,,,,,,,,9.4116,,992.4472,962.514,,,66.4791,1062.514,0.0,,0.9483,90.5884,10138912000000.0,,0.0562,4.0931,0.0621,,,,,23844000000.0,,,,,,,,,,,,,,
2023-03-31,1.5554,1.54,1.54,,39.2454,34.13,-0.5003,2.5946,21.0783,,0.3733,,0.38,181.7375,,,,155.5362,3.9632,0.3733,,,13.9929,-1.6915,,,-793000000.0,3.96,4.6075,38731000000.0,,8.0338,9.8839,11.6126,,,,,,,,,,,,,,,,9.4185,,,961.7453,,,,1061.7453,0.0,,,90.5815,10508752000000.0,,-0.0012,-0.3217,-0.0013,,,,,24758000000.0,,,,,,,,,,,,,,
2023-06-30,3.0308,2.93,2.93,2.91,39.0927,33.97,3.7412,2.5946,20.7132,,0.7117,,0.7322,170.2362,,,,428.5276,10.9618,1.0063,,,13.6526,-1.6615,,,-1510000000.0,7.75,8.775,75488000000.0,,9.1926,10.076,10.4354,,,,,,,,,,,,,,,,9.18,,4473.4924,989.329,,,41.0593,1089.329,0.0,,0.2052,90.82,10739836000000.0,,0.0088,1.2344,0.0097,,,,,26296000000.0,,,,,,,,,,,,,,
2023-09-30,4.5587,4.44,4.44,,40.4974,35.36,2.1272,2.5946,22.232,,1.0777,,1.1051,167.8254,,,,455.8711,11.2568,1.0777,,,12.8431,-1.6533,,,-2235000000.0,11.25,13.035,113551000000.0,,6.4744,10.0857,9.8989,,,,,,,,,,,,,,,,9.5738,,,944.5121,,,,1044.5121,0.0,,,90.4262,10668009000000.0,,0.005,0.4666,0.0056,,,,,26401000000.0,,,,,,,,,,,,,,
2023-12-31,5.8686,5.63,5.63,5.61,43.0506,36.71,14.1854,2.5945,22.5367,,1.342,,1.3984,153.9168,,,,800.0406,18.5837,1.8295,,,12.5304,-1.6776,,,-2963000000.0,13.62,16.22,146047000000.0,,6.2544,13.7797,8.7738,,,,,,,,,,,,,,,,9.8448,,974.1324,915.7676,,,67.4596,1015.7676,0.0,,1.0106,90.1552,11028483000000.0,,0.0324,2.4172,0.036,,,,,26590000000.0,,,,,,,,,,,,,,
2024-03-31,1.5243,1.51,1.51,,44.6272,38.4,-0.0479,2.5945,24.043,,0.3337,,0.341,178.7217,,,,152.4276,3.4156,0.3337,,,21.0366,-1.7305,,,-782000000.0,3.4,4.02,37959000000.0,,-1.9987,13.7133,9.6251,,,,,,,,,,,,,,,,9.7697,,,923.5734,,,,1023.5734,0.0,,,90.2303,11520226000000.0,,-0.0001,-0.0314,-0.0001,,,,,28223000000.0,,,,,,,,,,,,,,
2024-06-30,2.9889,2.89,2.89,2.88,44.2915,38.06,4.2895,2.5945,23.4555,,0.6512,,0.667,169.3097,,,,521.0222,11.7635,1.1352,,,21.7267,-1.6812,,,-1507000000.0,6.73,7.72,74624000000.0,,-1.3841,13.2985,7.7743,,,,,,,,,,,,,,,,9.6505,,946.1743,936.2152,,,67.8181,1036.2152,0.0,,1.02,90.3495,11574783000000.0,,0.0093,1.4351,0.0103,,,,,28996000000.0,,,,,,,,,,,,,,
2024-09-30,4.5218,4.41,4.41,,45.9811,39.73,11.3892,2.5945,24.9823,,0.9785,,1.0055,174.2013,,,,452.1796,9.834,0.9785,,,18.3153,-1.6543,,,-2218000000.0,9.82,11.535,113003000000.0,,-0.8098,13.5407,9.2497,,,,,,,,,,,,,,,,9.9499,,,905.0372,,,,1005.0372,0.0,,,90.0501,11654763000000.0,,0.0246,2.5187,0.0274,,,,,30118000000.0,,,,,,,,,,,,,,
2024-12-31,5.9302,5.66,5.66,5.65,48.9089,41.46,17.725,2.5943,25.142,,1.2307,,1.2904,161.5795,,,,820.6236,16.7786,1.7031,,,16.5198,-1.6513,,,-2950000000.0,12.1,14.49,148011000000.0,,1.0493,13.608,10.1877,,,,,,,,,,,,,,,,10.1504,,979.8738,885.1871,,,68.6816,985.1871,0.0,,1.0359,89.8496,12152036000000.0,,0.0368,2.9889,0.0409,,,,,31015000000.0,,,,,,,,,,,,,,
2025-03-31,1.4874,1.48,1.48,,49.7174,42.26,3.7679,2.5943,26.6137,,0.2994,,0.304,178.4455,,,,148.744,2.9918,0.2994,,,26.5178,-1.8195,,,-805000000.0,2.99,3.5325,37136000000.0,,-2.4166,11.406,8.7634,,,,,,,,,,,,,,,,10.0071,,,899.2943,,,,999.2943,0.0,,,89.9929,12529792000000.0,,0.0076,2.5331,0.0084,,,,,31971000000.0,,,,,,,,,,,,,,
2025-06-30,2.9899,2.89,2.89,2.89,51.4222,42.1,5.3316,2.594,26.0218,,0.5958,,0.6079,168.8238,,,,532.5489,10.3564,1.0611,,,24.5743,-1.6771,,,-1491000000.0,5.81,6.925,74819000000.0,,0.0345,16.0995,9.3511,,,,,,,,,,,,,,,,10.2461,,1081.1131,875.9844,,,67.0674,975.9844,0.0,,0.9477,89.7539,12657151000000.0,,0.0106,1.7832,0.0118,,,,,33048000000.0,,,,,,,,,,,,,,
2025-09-30,4.5415,4.43,4.43,,50.5608,43.21,6.9839,2.5936,27.5551,,0.9059,,0.9238,174.7843,,,,454.1542,8.9823,0.9059,,,22.292,-1.6626,,,-2246000000.0,8.98,10.47,113690000000.0,,0.4367,9.9601,8.4885,,,,,,,,,,,,,,,,10.0849,,,891.5864,,,,991.5864,0.0,,,89.9151,12644075000000.0,,0.0139,1.5378,0.0155,,,,,32373000000.0,,,,,,,,,,,,,,
2025-12-31,5.9923,5.7,5.7,5.7,50.7893,43.43,17.9009,2.5936,26.9553,,1.1562,,1.1983,161.1838,,,,840.7783,16.5542,1.6223,,,20.4354,-1.7302,,,-3097000000.0,11.8,13.44,150007000000.0,,1.0477,3.8447,7.5583,,,,,,,,,,,,,,,,9.7999,,974.2677,920.4179,,,68.3367,1020.4179,0.0,,1.0059,90.2001,13070523000000.0,,0.0345,2.9873,0.0383,,,,,32914000000.0,,,,,,,,,,,,,,
2026-03-31,1.5087,1.49,1.49,,51.1734,44.9,4.9901,2.5923,28.4329,,0.2822,,0.2866,175.0598,,,,150.8653,2.9481,0.2822,,,8.9487,-1.7302,,,-773000000.0,2.95,3.37,37795000000.0,,1.4262,2.9286,7.6226,,,,,,,,,,,,,,,,9.5706,,,944.8659,,,,1044.8659,0.0,,,90.4294,13484882000000.0,,0.0093,3.3076,0.0103,,,,,33957000000.0,,,,,,,,,,,,,,
