报告日,营业总收入,营业收入,利息收入,已赚保费,手续费及佣金收入,房地产销售收入,其他业务收入,营业总成本,营业成本,手续费及佣金支出,房地产销售成本,退保金,赔付支出净额,提取保险合同准备金净额,保单红利支出,分保费用,其他业务成本,营业税金及附加,研发费用,销售费用,管理费用,财务费用,利息费用,利息支出,投资收益,对联营企业和合营企业的投资收益,以摊余成本计量的金融资产终止确认产生的收益,汇兑收益,净敞口套期收益,公允价值变动收益,期货损益,托管收益,补贴收入,其他收益,资产减值损失,信用减值损失,其他业务利润,资产处置收益,营业利润,营业外收入,非流动资产处置利得,营业外支出,非流动资产处置损失,利润总额,所得税费用,未确认投资损失,净利润,持续经营净利润,终止经营净利润,归属于母公司所有者的净利润,被合并方在合并前实现净利润,少数股东损益,其他综合收益,归属于母公司所有者的其他综合收益,（一）以后不能重分类进损益的其他综合收益,重新计量设定受益计划变动额,权益法下不能转损益的其他综合收益,其他权益工具投资公允价值变动,企业自身信用风险公允价值变动,（二）以后将重分类进损益的其他综合收益,权益法下可转损益的其他综合收益,可供出售金融资产公允价值变动损益,其他债权投资公允价值变动,金融资产重分类计入其他综合收益的金额,其他债权投资信用减值准备,持有至到期投资重分类为可供出售金融资产损益,现金流量套期储备,现金流量套期损益的有效部分,外币财务报表折算差额,其他,归属于少数股东的其他综合收益,综合收益总额,归属于母公司所有者的综合收益总额,归属于少数股东的综合收益总额,基本每股收益,稀释每股收益,数据源,是否审计,公告日期,币种,类型,更新日期
20260331,43195627145.16,43195627145.16,,,,,,42450677720.46,42194930418.35,,,,,,,,,15747314.28,23615111.57,114760576.02,93680221.38,7944078.86,161172569.04,,730738148.98,731791977.62,,,,145307633.38,,,,2262141.07,-121155515.59,862925.72,,48372.24,1503013130.5,61519216.37,,1789836.52,,1562742510.35,186223534.9,,1376518975.45,1376518975.45,,1376518975.45,,,-385780620.38,-385780620.38,,,,,,-385780620.38,-46288701.0,,,,,,342606.2,,-339834525.58,,,990738355.07,990738355.07,,0.2809,0.2809,定期报告,未审计,20260422,CNY,合并期末,2026-04-21T17:54:03
20251231,141819113698.97,141819113698.97,,,,,,140609429757.8,139689669407.03,,,,,,,,,53874985.03,51428820.64,269214590.35,259333137.9,285908816.85,672142833.11,,1628462714.54,2127747785.56,,,,250655554.35,,,,68800231.4,-7764813.38,-1726516.87,,1220607.04,3149331718.25,126495208.74,,5774758.61,,3270052168.38,580612651.55,,2689439516.83,2689439516.83,,2689439516.83,,,-355787504.47,-355787504.47,10000.0,10000.0,,,,-355797504.47,117715293.01,,,,,,194387.56,,-473707185.04,,,2333652012.36,2333652012.36,,0.55,0.55,定期报告,是,20260326,CNY,合并期末,2026-03-25T19:18:07
20250930,103463898902.61,103463898902.61,,,,,,102298747670.6,101546841205.57,,,,,,,,,41257608.22,27332685.74,208394988.28,186943395.19,287977787.6,540042744.19,,1393938428.52,1589502685.65,,,,57091874.98,,,,66540231.4,-2994497.07,1958629.1,,1224246.87,2682910145.81,3391207.36,,5205130.66,,2681096222.51,355309348.47,,2325786874.04,2325786874.04,,2325786874.04,,,-183783893.78,-183783893.78,,,,,,-183783893.78,54451340.87,,,,,,537422.87,,-238772657.52,,,2142002980.26,2142002980.26,,0.47,0.47,定期报告,未审计,20251028,CNY,合并期末,2025-10-27T21:00:11
20250630,63656611505.63,63656611505.63,,,,,,63109295117.15,62593224458.44,,,,,,,,,28471212.16,18273216.54,131420949.27,120525282.69,217379998.05,375365997.41,,1104167923.25,1096943294.07,,,,-91564711.53,,,,34910231.4,-20059419.36,3962927.11,,1227613.28,1579960952.63,2977339.37,,5023415.59,,1577914876.41,129561341.82,,1448353534.59,1448353534.59,,1448353534.59,,,-62015854.34,-62015854.34,,,,,,-62015854.34,20909715.13,,,,,,532687.51,,-83458256.98,,,1386337680.25,1386337680.25,,0.3,0.3,定期报告,未审计,20250828,CNY,合并期末,2025-08-27T18:08:13
20250331,28248544221.59,28248544221.59,,,,,,27946608957.96,27681343699.82,,,,,,,,,9013160.31,8841629.93,69953707.12,56859049.2,120597711.58,200966479.42,,287900135.98,539458175.37,,,,14071689.51,,,,1165705.73,-2742136.49,497238.16,,,602827896.52,1467779.82,,,,604295676.34,33429364.76,,570866311.58,570866311.58,,570866311.58,,,-33855431.59,-33855431.59,,,,,,-33855431.59,-89226.86,,,,,,692570.49,,-34458775.22,,,537010879.99,537010879.99,,0.1165,0.1165,定期报告,未审计,20260422,CNY,合并期末,2025-04-24T19:20:12
20241231,129438083151.73,129438083151.73,,,,,,129346230033.71,127772071667.98,,,,,,,,,46125078.22,35382499.02,262452707.35,226615422.57,1003582658.57,966483908.4,,2468401975.71,1220373099.73,,,,181951396.17,,,,103923774.67,-81623217.39,-25991565.49,,37174152.62,2775689634.31,4044841.14,,1129998.96,,2778604476.49,540356242.67,,2238248233.82,2238248233.82,,2238248233.82,,,141802438.41,141802438.41,-6989481.75,-6989481.75,,,,148791920.16,-89704939.49,,,,,,-536993.76,,239033853.41,,,2380050672.23,2380050672.23,,0.46,0.46,定期报告,是,20260326,CNY,合并期末,2025-03-26T20:37:13
20240930,95056545245.02,95056545245.02,,,,,,95509435083.85,94207541354.52,,,,,,,,,30399907.73,24556016.42,224620110.46,173579890.19,848737804.53,789557432.44,,1699731374.36,786235831.6,,,,609950158.47,,,,91600622.21,-117216355.0,-436299.39,,42143757.93,1872883419.75,9462487.57,,1002747.53,,1881343159.79,164488636.54,,1716854523.25,1716854523.25,,1716854523.25,,,-207534767.16,-207534767.16,,,,,,-207534767.16,2468705.36,,,,,,-2693911.92,,-207309560.6,,,1509319756.09,1509319756.09,,0.35,0.35,定期报告,未审计,20251028,CNY,合并期末,2024-10-28T19:07:11
20240630,64249402740.99,64249402740.99,,,,,,64466455727.31,63538541067.49,,,,,,,,,21131292.09,15847494.77,108555158.34,100403634.36,681977080.26,562609305.09,,814886828.64,300678259.07,,,,711099722.44,,,,53298522.22,-162628982.29,-3123374.66,,14802099.09,1211281829.12,8028666.06,,1002747.53,,1218307747.65,111871950.53,,1106435797.12,1106435797.12,,1106435797.12,,,66046040.98,66046040.98,,,,,,66046040.98,-35296502.89,,,,,,,,101342543.87,,,1172481838.1,1172481838.1,,0.23,0.23,定期报告,未审计,20250828,CNY,合并期末,2024-08-19T19:32:05
20240331,26831643746.72,26831643746.72,,,,,,26788074348.34,26389739434.85,,,,,,,,,9181606.07,1394892.65,59084231.36,29243654.64,299430528.77,248741066.58,,42250128.95,26243819.78,,,,359205100.68,,,,53298522.22,-406560161.71,-4524325.12,,,87238663.4,1509187.83,,1002747.53,,87745103.7,-67008743.35,,154753847.05,154753847.05,,154753847.05,,,114782054.02,114782054.02,,,,,,114782054.02,-14255508.94,,,,,,,,129037562.96,,,269535901.07,269535901.07,,0.0316,0.0316,定期报告,未审计,20250425,CNY,合并期末,2024-04-22T20:17:04
20231231,124998831970.26,124998831970.26,,,,,,123773394007.48,122104748140.44,,,,,,,,,45514774.44,28417239.67,213289033.33,207374914.23,1174049905.37,899222906.68,,624969798.45,1224943800.97,,,,228326028.43,,,,82051711.53,17645545.71,26071484.21,,27817102.36,2232319633.47,113963911.75,,257849.58,,2346025695.64,288599697.39,,2057425998.25,2057425998.25,,2057425998.25,,,165466005.91,165466005.91,405421.06,405421.06,,,,165060584.85,-57356084.99,,,,,,,,222416669.84,,,2222892004.16,2222892004.16,,0.43,0.43,定期报告,是,20250327,CNY,合并期末,2024-03-26T20:37:03
20230930,94779412564.9,94779412564.9,,,,,,94326214127.62,93094374120.09,,,,,,,,,29273434.54,24725004.6,152799717.53,157358565.95,867683284.91,671891694.11,,621166218.69,991283854.92,,,,474946371.45,,,,76203657.77,-20510089.62,21661344.97,,18488350.73,1645154291.27,112892162.74,,,,1758046454.01,185341390.37,,1572705063.64,1572705063.64,,1572705063.64,,,358515063.66,358515063.66,,,,,,358515063.66,-127261281.26,,,,,,,,485776344.92,,,1931220127.3,1931220127.3,,0.33,0.33,定期报告,未审计,20241029,CNY,合并期末,2023-10-27T18:02:05
20230630,61217663258.3,61217663258.3,,,,,,61055695696.57,60104506612.52,,,,,,,,,20457869.11,15013684.74,100843103.56,106448848.16,708425578.48,453714005.37,,261544210.76,594089550.24,,,,629176441.73,,,,68009085.7,-93030527.32,20626975.08,,18488350.73,1066782098.41,110584044.54,,,,1177366142.95,109869604.14,,1067496538.81,1067496538.81,,1067496538.81,,,465037023.04,465037023.04,,,,,,465037023.04,-32696082.5,,,,,,,,497733105.54,,,1532533561.85,1532533561.85,,0.23,0.23,定期报告,未审计,20240820,CNY,合并期末,2023-08-27T15:47:02
20230331,27733429201.74,27733429201.74,,,,,,27134316683.3,26800248782.87,,,,,,,,,9375955.04,2971107.89,71924354.5,71961158.65,177835324.35,196118821.97,,-46558211.0,248361028.42,,,,49353588.68,,,,48264155.46,-38601513.95,,,,611570537.63,73567495.45,,,,685138033.08,142320398.79,,542817634.29,542817634.29,,542817634.29,,,-183213362.32,-183213362.32,,,,,,-183213362.32,-51300988.35,,,,,,,,-131912373.97,,,359604271.97,359604271.97,,0.1234,0.1234,定期报告,未审计,20240423,CNY,合并期末,2023-04-26T18:52:09
20221231,119174724025.53,119174724025.53,,,,,,119315235411.4,117722274867.85,,,,,,,,,41524731.88,21374345.1,239697221.13,218831023.0,1071533222.44,479309119.36,,2623534538.03,1282664585.69,,,,-238648355.63,,,,119070037.16,-62316561.97,-33137410.74,,22479.43,2268013340.41,205830908.09,,7009238.97,,2466835009.53,251477745.05,,2215357264.48,2215357264.48,,2215357264.48,,,958609639.06,958609639.06,-1468049.0,-1468049.0,,,,960077688.06,55226203.25,,,,,,,,904851484.81,,,3173966903.54,3173966903.54,,0.5,0.5,定期报告,是,20240327,CNY,合并期末,2023-04-06T21:27:04
20220930,91128503376.11,91128503376.11,,,,,,91647294386.81,90370509009.32,,,,,,,,,28926157.78,18390543.7,173440356.19,182323920.12,873704399.7,306525234.37,,2423513364.91,1006016306.45,,,,118967028.57,,,,115655690.53,-165784261.13,15319502.74,,22479.43,1988902794.35,142694659.06,,,,2131597453.41,247895170.29,,1883702283.12,1883702283.12,,1883702283.12,,,1207617268.52,1207617268.52,240482.5,240482.5,,,,1207376786.02,-105066413.73,,,,,,,,1312443199.75,,,3091319551.64,3091319551.64,,0.43,0.43,定期报告,未审计,20231028,CNY,合并期末,2023-10-27T18:02:05
20220630,62371137420.34,62371137420.34,,,,,,61526287827.83,60852932205.44,,,,,,,,,19879896.14,11233113.01,118952990.87,108171090.58,415118531.79,165115659.06,,767383261.57,787630923.48,,,,766220160.15,,,,115898966.3,-857101434.54,15319502.74,,-599026.22,1651971022.51,82079563.95,,,,1734050586.46,157738987.46,,1576311599.0,1576311599.0,,1576311599.0,,,605639654.24,605639654.24,240482.5,240482.5,,,,605399171.74,83013935.34,,,,,,,,522385236.4,,,2181951253.24,2181951253.24,,0.36,0.36,定期报告,是,20230828,CNY,合并期末,2023-02-21T02:37:03
20220331,25613288913.64,25613288913.64,,,,,,25134334864.45,24925722523.99,,,,,,,,,8608416.06,3812303.55,43494306.09,58560029.0,94137285.76,66129106.5,,129166857.04,236053826.67,,,,-108913188.83,,,,93351690.53,102386753.01,,,,694946160.93,35183099.18,,,,730129260.11,211016004.69,,519113255.42,519113255.42,,519113255.42,,,18598943.68,18598943.68,,,,,,18598943.68,3194131.27,,,,,,,,15404812.41,,,537712199.11,537712199.11,,0.118,0.118,定期报告,未审计,20230427,CNY,合并期末,2023-04-26T18:52:09
20211231,112816438276.86,112816438276.86,,,,,,112277510737.49,111761727954.54,,,,,,,,,46795580.18,20548816.63,198425817.08,220263360.31,29749208.75,179342789.05,,1275461790.78,1122223064.78,,,,-8955060.99,,,,107805239.22,-158474103.84,-34017254.92,,56432246.85,1777180396.47,200377886.18,,,,1977558282.65,155000055.89,,1822558226.76,1822558226.76,,1822558226.76,,,-219405164.57,-219405164.57,4804621.61,4804621.61,,,,-224209786.18,-24220014.31,,,,,,,,-199989771.87,,,1603153062.19,1603153062.19,,0.41,0.41,招股说明书/意向书,是,20230407,CNY,合并期末,2022-05-10T21:37:04
20210930,,87626322700.0,,,,,,,,,,,,,,,,,,,,,,,,,,,,,,,,,,,,,,,,,,,,,1601580900.0,,,1601580900.0,,,,,,,,,,,,,,,,,,,,,,,,,,,招股说明书(申报稿),未审计,20211210,CNY,合并期末,2021-12-11T01:17:02
20210630,56129107184.27,56129107184.27,,,,,,54398085034.72,54137128345.74,,,,,,,,,26320719.01,9064269.12,107987117.3,82570679.45,35013904.1,73089630.29,,47866377.3,510225340.64,,,,79390640.65,,,,105199648.23,-89202472.03,-25126612.2,,31407704.16,1880557435.66,1101401.53,,,,1881658837.19,330982315.65,,1550676521.54,1550676521.54,,1550676521.54,,,-23342997.66,-23342997.66,6650462.14,6650462.14,,,,-29993459.8,46560491.1,,,,,,,,-76553950.9,,,1527333523.88,1527333523.88,,0.35,0.35,招股说明书(申报稿),未审计,20211210,CNY,合并期末,2021-12-11T01:17:02
20201231,76942050050.24,76942050050.24,,,,,,75449557651.28,75160756859.2,,,,,,,,,42655566.95,12676973.45,160735980.52,167137383.76,-94405112.6,223010376.75,,-18336529.33,320153342.36,,,,-23049718.73,,,,80845448.26,-8322212.09,2728123.74,,-1427775.57,1524929735.24,3003775.34,,548204.56,,1527385306.02,389425587.18,,1137959718.84,1137959718.84,,1137959718.84,,,-564796474.22,-564796474.22,-933951.49,-933951.49,,,,-563862522.73,-53736511.85,,,,,,,,-510126010.88,,,573163244.62,573163244.62,,0.26,0.26,招股说明书/意向书,是,20230320,CNY,合并期末,2021-12-11T01:17:02
20191231,63302576661.62,63302576661.62,,,,,,62382381099.04,61601769662.46,,,,,,,,,17642616.75,13862914.64,196412554.43,140390875.32,412302475.44,357806571.17,,-33513121.48,321930603.51,,,,-87397247.6,,,,100874569.6,-15201687.95,-13644911.65,,5803850.39,877117013.89,5395051.85,,757067.77,,881754997.97,169816990.91,,711938007.06,711938007.06,,711938007.06,,,31768505.5,31768505.5,39675.25,39675.25,,,,31728830.25,-32117687.81,,,,,,,,63846518.06,,,743706512.56,743706512.56,,0.16,0.16,招股说明书/意向书,是,20230320,CNY,合并期末,2021-12-11T01:17:02
20181231,44737919501.47,44737919501.47,,,,,,43942773029.33,43131915930.05,,,,,,,,,34315142.9,13412521.83,227302734.87,161123721.83,374702977.85,189460714.63,,642978341.21,486734227.61,,,,97378591.83,,,,50300000.0,-64761599.12,,,98965.7,1521140771.76,10648397.93,,868209.26,,1530920960.43,227005912.85,,1303915047.58,1303915047.58,,1303915047.58,,,222283393.64,222283393.64,-2181630.98,-2181630.98,,,,224465024.62,-21859250.38,,,,,,,,246324275.0,,,1526198441.22,1526198441.22,,0.32,0.32,招股说明书(申报稿),是,20211210,CNY,合并期末,2021-12-11T01:17:02
